130,Gold,BGO 9,Foosball,grogers,
131,Silver,BGO 9,Foosball,rlouka,
132,Bronze,BGO 9,Foosball,jdixon,
133,Gold,BGO 9,Darts,rlouka,
134,Silver,BGO 9,Darts,grogers,
135,Bronze,BGO 9,Darts,swible,
136,Gold,BGO 9,Shuffleboard,ddixon,
137,Silver,BGO 9,Shuffleboard,swible,
138,Bronze,BGO 9,Shuffleboard,rlouka,
139,Gold,BGO 9,Ping Pong,swible,
140,Silver,BGO 9,Ping Pong,grogers,
141,Bronze,BGO 9,Ping Pong,cweaver,
142,Gold,BGO 9,Pool,swible,
143,Silver,BGO 9,Pool,ddixon,
144,Bronze,BGO 9,Pool,cweaver,
145,Gold,BGO 9,Golden Tee,ddixon,
146,Silver,BGO 9,Golden Tee,ktornetta,
147,Bronze,BGO 9,Golden Tee,cweaver,
148,Gold,BGO 9,All Around,swible,
149,Silver,BGO 9,All Around,grogers,
150,Bronze,BGO 9,All Around,ddixon,